uniprot_id,organism,sequence,sequence_length
P04799,rat,MAFSQYISLAPELLLATAIFCLVFWVLRGTRTQVPKGLKSPPGPWGLPFIGHMLTLGKNPHLSLTKLSQQYGDVLQIRIGSTPVVVLSGLNTIKQALVKQGDDFKGRPDLYSFTLITNGKSMTFNPDSGPVWAARRRLAQDALKSFSIASDPTSVSSCYLEEHVSKEANHLISKFQKLMAEVGHFEPVNQVVESVANVIGAMCFGKNFPRKSEEMLNLVKSSKDFVENVTSGNAVDFFPVLRYLPNPALKRFKNFNDNFVLFLQKTVQEHYQDFNKNSIQDITGALFKHSENYKDNGGLIPQEKIVNIVNDIFGAGFETVTTAIFWSILLLVTEPKVQRKIHEELDTVIGRDRQPRLSDRPQLPYLEAFILEIYRYTSFVPFTIPHSTTRDTSLNGFHIPKECCIFINQWQVNHDEKQWKDPFVFRPERFLTNDNTAIDKTLSEKVMLFGLGKRRCIGEIPAKWEVFLFLAILLHQLEFTVPPGVKVDLTPSYGLTMKPRTCEHVQAWPRFSK,513
Q9Z0U5,rat,MDPPQLLFYVNGQKVVENNVDPEMMLLPYLRKNLRLTGTKYGCGGGGCGACTVMISRYNPSTKSIRHHPVNACLTPICSLYGTAVTTVEGIGNTRTRLHPVQERIAKCHSTQCGFCTPGMVMSMYALLRNHPEPSLDQLTDALGGNLCRCTGYRPIIDACKTFCRASGCCESKENGVCCLDQGINGSAEFQEGDETSPELFSEKEFQPLDPTQELIFPPELMRIAEKQPPKTRVFYSNRMTWISPVTLEELVEAKFKYPGAPIVMGYTSVGPEVKFKGVFHPIIISPDRIEELSIINQTGDGLTLGAGLSLDQVKDILTDVVQKLPEETTQTYRALLKHLRTLAGSQIRNMASLGGHIVSRHLDSDLNPLLAVGNCTLNLLSKDGKRQIPLSEQFLRKCPDSDLKPQEVLVSVNIPCSRKWEFVSAFRQAQRQQNALAIVNSGMRVLFREGGGVIKELSILYGGVGPTTIGAKNSCQKLIGRPWNEEMLDTACRLVLDEVTLAGSAPGGKVEFKRTLIISFLFKFYLEVLQGLKREDPGHYPSLTNNYESALEDLHSKHHWRTLTHQNVDSMQLPQDPIGRPIMHLSGIKHATGEAIYCDDMPAVDRELFLTFVTSSRAHAKIVSIDLSEALSLPGVVDIITADHLQDATTFGTETLLATDKVHCVGQLVCAVIADSETRAKQAAKHVKVVYRDLEPLILTIEEAIQHKSFFESERKLECGNVDEAFKIADQILEGEIHIGGQEHFYMETQSMLVVPKGEDGEIDIYVSTQFPKHIQDIVAATLKLSVNKVMCHVRRVGGAFGGKVGKTSIMAAITAFAASKHGRAVRCTLERGEDMLITGGRHPYLGKYKVGFMRDGRIVALDVEHYCNGGSSLDESLWVIEMGLLKMDNAYKFPNLRCRGWACRTNLPSHTALRGFGFPQAGLVTEACVTEVAIRCGLSPEQVRTINMYKQIDNTHYKQEFSAKTLFECWRECMAKCSYSERKTAVGKFNAENSWKKRGMAVIPLKFPVGVGSVAMGQAAALVHIYLDGSALVSHGGIEMGQGVHTKMIQVVSRELKMPMSSVHLRGTSTETVPNTNASGGSVVADLNGLAVKDACQTLLKRLEPIISKNPQGTWKDWAQTAFDQSVSLSAVGYFRGYESNINWEKGEGHPFEYFVYGAACSEVEIDCLTGDHKNIRTDIVMDVGHSINPALDIGQVEGAFIQGMGLYTIEELSYSPQGILYSRGPNQYKIPAICDIPTEMHISFLPPSEHSNTLYSSKGLGESGVFLGCSVFFAIHDAVRAARQERGISGPWKLTSPLTPEKIRMACEDKFTKMIPRDEPGSYVPWNIPV,1333
P22985,rat,MTADELVFFVNGKKVVEKNADPETTLLVYLRRKLGLCGTKLGCGEGGCGACTVMISKYDRLQNKIVHFSVNACLAPICSLHHVAVTTVEGIGNTQKLHPVQERIARSHGSQCGFCTPGIVMSMYTLLRNQPEPTVEEIENAFQGNLCRCTGYRPILQGFRTFAKDGGCCGGSGNNPNCCMNQTKDQTVSLSPSLFNPEDFKPLDPTQEPIFPPELLRLKDTPQKKLRFEGERVTWIQASTMEELLDLKAQHPDAKLVVGNTEIGIEMKFKNMLFPLIVCPAWIPELNSVVHGPEGISFGASCPLSLVESVLAEEIAKLPEQKTEVFRGVMEQLRWFAGKQVKSVASIGGNIITASPISDLNPVFMASGAKLTLVSRGTRRTVRMDHTFFPGYRKTLLRPEEILLSIEIPYSKEGEFFSAFKQASRREDDIAKVTSGMRVLFKPGTIEVQELSLCFGGMADRTISALKTTPKQLSKSWNEELLQSVCAGLAEELQLAPDAPGGMVEFRRTLTLSFFFKFYLTVLQKLGRADLEDMCGKLDPTFASATLLFQKDPPANVQLFQEVPKDQSEEDMVGRPLPHLAANMQASGEAVYCDDIPRYENELSLRLVTSTRAHAKITSIDTSEAKKVPGFVCFLTAEDVPNSNATGLFNDETVFAKDEVTCVGHIIGAVVADTPEHAQRAARGVKITYEDLPAIITIQDAINNNSFYGSEIKIEKGDLKKGFSEADNVVSGELYIGGQEHFYLETNCTIAVPKGEAGEMELFVSTQNTMKTQSFVAKMLGVPDNRIVVRVKRMGGGFGGKETRSTVVSTALALAAHKTGRPVRCMLDRDEDMLITGGRHPFLAKYKVGFMKTGTVVALEVAHFSNGGNTEDLSRSIMERALFHMDNAYKIPNIRGTGRICKTNLPSNTAFRGFGGPQGMLIAEYWMSEVAITCGLPAEEVRRKNMYKEGDLTHFNQKLEGFTLPRCWDECIASSQYLARKREVEKFNRENCWKKRGLCIIPTKFGISFTLPFLNQGGALVHVYTDGSVLLTHGGTEMGQGLHTKMVQVASRALKIPTSKIHISETSTNTVPNTSPTAASASADLNGQGVYEACQTILKRLEPFKKKKPTGPWEAWVMDAYTSAVSLSATGFYKTPNLGYSFETNSGNPFHYFSYGVACSEVEIDCLTGDHKNLRTDIVMDVGSSLNPAIDIGQVEGAFVQGLGLFTMEELHYSPEGSLHTRGPSTYKIPAFGSIPIEFRVSLLRDCPNKRAIYASKAVGEPPLFLASSIFFAIKDAIRAARAQHGDNAKQLFQLDSPATPEKIRNACVDQFTTLCVTGVPENCKSWSVRI,1331
P21396,rat,MTDLEKPNLAGHMFDVGLIGGGISGLAAAKLLSEYKINVLVLEARDRVGGRTYTVRNEHVKWVDVGGAYVGPTQNRILRLSKELGIETYKVNVNERLVQYVKGKTYPFRGAFPPVWNPLAYLDYNNLWRTMDEMGKEIPVDAPWQARHAQEWDKMTMKDLIDKICWTKTAREFAYLFVNINVTSEPHEVSALWFLWYVRQCGGTARIFSVTNGGQERKFVGGSGQVSEQIMGLLGDKVKLSSPVTYIDQTDDNIIVETLNHEHYECKYVISAIPPILTAKIHFKPELPPERNQLIQRLPMGAVIKCMVYYKEAFWKKKDYCGCMIIEDEEAPIAITLDDTKPDGSLPAIMGFILARKADRQAKLHKDIRKRKICELYAKVLGSQEALYPVHYEEKNWCEEQYSGGCYTAYFPPGIMTQYGRVIRQPVGRIYFAGTETATQWSGYMEGAVEAGERAAREVLNALGKVAKKDIWVEEPESKDVPAIEITHTFLERNLPSVPGLLKITGVSTSVALLCFVLYKIKKLPC,526
P19643,rat,MSNKCDVIVVGGGISGMAAAKLLHDCGLSVVVLEARDRVGGRTYTIRNKNVKYVDLGGSYVGPTQNRILRLAKELGLETYKVNEVERLIHFVKGKSYAFRGPFPPVWNPITYLDYNNLWRTMDEMGQEIPSDAPWKAPLAEEWDYMTMKELLDKICWTNSTKQIATLFVNLCVTAETHEVSALWFLWYVKQCGGTTRIISTTNGGQERKFIGGSGQVSERIKDILGDRVKLERPVIHIDQTGENVVVKTLNHEIYEAKYVISAIPPVLGMKIHHSPPLPILRNQLITRVPLGSVIKCMVYYKEPFWRKKDFCGTMVIEGEEAPIAYTLDDTKPDGSCAAIMGFILAHKARKLVRLTKEERLRKLCELYAKVLNSQEALQPVHYEEKNWCEEQYSGGCYTAYFPPGILTQYGRVLRQPVGKIFFAGTETASHWSGYMEGAVEAGERAAREILHAIGKIPEDEIWQPEPESVDVPARPITNTFLERHLPSVPGLLKLLGLTTILSATALGFLAHKKGLFVRF,520
P51647,rat,MSSPAQPAVPAPLANLKIQHTKIFINNEWHDSVSGKKFPVLNPATEEVICHVEEGDKADVDKAVKAARQAFQIGSPWRTMDASERGRLLNKLADLMERDRLLLATIEAINGGKVFANAYLSDLGGSIKALKYCAGWADKIHGQTIPSDGDIFTFTRREPIGVCGQIIPWNFPLLMFIWKIGPALSCGNTVVVKPAEQTPLTALHMASLIKEAGFPPGVVNIVPGYGPTAGAAISSHMDVDKVAFTGSTQVGKLIKEAAGKSNLKRVTLELGGKSPCIVFADADLDIAVEFAHHGVFYHQGQCCVAASRIFVEESVYDEFVRKSVERAKKYVLGNPLTQGINQGPQIDKEQHDKILDLIESGKKEGAKLECGGGRWGNKGFFVQPTVFSNVTDEMRIAKEEIFGPVQQIMKFKSIDDVIKRANNTTYGLAAGVFTKDLDRAITVSSALQAGVVWVNCYMILSAQCPFGGFKMSGNGRELGEHGLYEYTELKTVAMKISQKNS,501
P16232,rat,MKKYLLPVLVLCLGYYYSTNEEFRPEMLQGKKVIVTGASKGIGREMAYHLSKMGAHVVLTARSEEGLQKVVSRCLELGAASAHYIAGTMEDMAFAERFVVEAGKLLGGLDMLILNHITQTTMSLFHDDIHSVRRSMEVNFLSYVVLSTAALPMLKQSNGSIAIISSMAGKMTQPLIASYSASKFALDGFFSTIRKEHLMTKVNVSITLCVLGFIDTETALKETSGIILSQAAPKEECALEIIKGTVLRKDEVYYDKSSWTPLLLGNPGRRIMEFLSLRSYNRDLFVSN,288
P38918,rat,MSQARPATVLGAMEMGRRMDVTSSSASVRAFLQRGHTEIDTAFVYANGQSETILGDLGLGLGRSGCKVKIATKAAPMFGKTLKPADVRFQLETSLKRLQCPRVDLFYLHFPDHGTPIEETLQACHQLHQEGKFVELGLSNYVSWEVAEICTLCKKNGWIMPTVYQGMYNAITRQVETELFPCLRHFGLRFYAFNPLAGGLLTGRYKYQDKDGKNPESRFFGNPFSQLYMDRYWKEEHFNGIALVEKALKTTYGPTAPSMISAAVRWMYHHSQLKGTQGDAVILGMSSLEQLEQNLALVEEGPLEPAVVDAFDQAWNLVAHECPNYFR,327
P36365,rat,MVKRVAIVGAGVSGLASIKCCLEEGLEPTCFERSCDLGGLWRFTEHVEEGRASLYNSVVSNSSKEMSCYSDFPFPEDYPNFVPNSLFLEYLQLYATQFNLLRCIYFNTKVCSITKRPDFAVSGQWEVVTVCQGKQSSDTFDAVMVCTGFLTNPHLPLDSFPGIQTFKGQYFHSRQYKHPDVFKDKRVLVVGMGNSGTDIAVEASHLAKKVFLSTTGGAWVISRVFDSGYPWDMIFMTRFQNMLRNLLPTPVVSWLISKKMNSWFNHVNYGVAPEDRTQLREPVLNDELPGRIITGKVLIKPSIKEVKENSVVFNNTPKEEPIDVIVFATGYSFAFPFLDESIVKVEDGQASLYKYIFPAHLPKPTLAVIGLIKPLGSMIPTGETQARWVVQVLKGATTLPPPSVMMKEVNERKKNKHSGFGLCYCKALQSDYITYIDDLLTSINAKPDLRAMLLTDPRLALSIFFGPCTPYHFRLTGPGKWEGARKAILTQWDRTVNVTKTRTVQETPSTFETLLKLFSFLALLVAVFFIFL,532
P41738,rat,MSSGANITYASRKRRKPVQKTVKPVPAEGIKSNPSKRHRDRLNTELDRLASLLPFPQDVINKLDKLSVLRLSVSYLRAKSFFDVALKSTPADRSRGQDQCRAQVRDWQDLQEGEFLLQALNGFVLVVTADALVFYASSTIQDYLGFQQSDVIHQSVYELIHTEDRAEFQRQLHWALNPSQCTDSAQGVDETHGLPQPAVYYTPDQLPPENTAFMERCFRCRLRCLLDNSSGFLAMNFQGRLKYLHGQNKKGKDGALLPPQLALFAIATPLQPPSILEIRTKNFIFRTKHKLDFTPIGCDAKGQLILGYTEVELCNKGSGYQFIHAADMLHCAESHIRMIKTGESGMTVFRLLAKHSRWRWVQSNARLIYRNGRPDYIIATQRPLTDEEGREHLQKRSMTLPFMFATGEAVLYEISSPFSPIMDPLPIRTKSNTSRKDWAPQSTPSKDSFHPNSLMSALIQQDESIYLCPPSSPAPLDSHFLMDSMSECGSWQGSFAVASNEALLKHEEIRHTQDVNLTLSGGPSELFPDNKNNDLYSIMRNLGIDFEDIRSMQNEEFFRTDSSGEVDFKDIDITDEILTYVQDSLNNSTLLNSACQQQPVSQHLSCMLQERLQLEQQQQLQQQHPTQTLEPQRQLCQVEVPQHELGQKTKHMQVNGMFASWNPAPPVSFSCPQQERKHYSLFSGLQGTAQEFPYKSEVDSMPYTQNFAPCNQSLLPEHSKGTQLDFPGRDFERSLHPNASNLEDFVSCLQVPENQRHGINSQSAMVSPQAYYAGAMSMYQCQAGPQHTPVDQMQYSPEIPGSQAFLSKFQSPSILNEAYSADLSSIGHLQTAAHLPRLAEAQPLPDITPSGFL,853
Q9QUS1,rat,MTATLTLETMTSEEEYGPRNCVVCGDRATGYHFHALTCEGCKGFFRRTVSKTIGPICPFAGRCEVSKAQRRHCPACRLQKCLNVGMRKDMILSAEALALRRARQARRRAQKASLQLSQQQKELIQTLLGAHTRHVGPMFDQFVQFRPPAYLFSHHRPFQPLAPVLPLLTHFADINTFMVQQIIKFTKDLPLFRSLTMEDQISLLKGAAVEILHISLNTTFCLQTQNFFCGPLCYKMEDAVHVGFQYEFLELIIHFHKTLKRLQLQEPEYALMAAMALFSPDRPGVTQREEIDQLQEEVALILNNHIMEQQSRLQSRFLYAKLMGLLAELRSINSAYSYEIHRIQGLSAMMPLLGEICS,358
Q9R1A7,rat,MRPEERWNHVGLVQREEADSVLEEPINVDEEDGGLQICRVCGDKANGYHFNVMTCEGCKGFFRRAMKRNVRLRCPFRKGTCEITRKTRRQCQACRLRKCLESGMKKEMIMSDAAVEQRRALIKRKKREKIEAPPPGGQGLTEEQQALIQELMDAQMQTFDTTFSHFKDFRLPAVFHSDCELPEVLQASLLEDPATWSQIMKDSVPMKISVQLRGEDGSIWNYQPPSKSDGKEIIPLLPHLADVSTYMFKGVINFAKVISHFRELPIEDQISLLKGATFEMCILRFNTMFDTETGTWECGRLAYCFEDPNGGFQKLLLDPLMKFHCMLKKLQLREEEYVLMQAISLFSPDRPGVVQRSVVDQLQERFALTLKAYIECSRPYPAHRFLFLKIMAVLTELRSINAQQTQQLLRIQDTHPFATPLMQELFSSTDG,431
P17988,rat,MEFSRPPLVHVKGIPLIKYFAETIGPLQNFTAWPDDLLISTYPKSGTTWMSEILDMIYQGGKLEKCGRAPIYARVPFLEFKCPGVPSGLETLEETPAPRLLKTHLPLSLLPQSLLDQKVKVIYIARNAKDVVVSYYNFYNMAKLHPDPGTWDSFLENFMDGEVSYGSWYQHVKEWWELRHTHPVLYLFYEDIKENPKREIKKILEFLGRSLPEETVDSIVHHTSFKKMKENCMTNYTTIPTEIMDHNVSPFMRKGTTGDWKNTFTVAQNERFDAHYAKTMTDCDFKFRCEL,291
P00502,rat,MSGKPVLHYFNARGRMECIRWLLAAAGVEFDEKFIQSPEDLEKLKKDGNLMFDQVPMVEIDGMKLAQTRAILNYIATKYDLYGKDMKERALIDMYTEGILDLTEMIMQLVICPPDQKEAKTALAKDRTKNRYLPAFEKVLKSHGQDYLVGNRLTRVDIHLLELLLYVEEFDASLLTSFPLLKAFKSRISSLPNVKKFLQPGSQRKLPVDAKQIEEARKIFKF,222
A0A8I6AQW6,rat,MEPGTVERKGSSPFVHPTHGTWSGSSQVQVPPVVPAASAPAAVPEVASAGPADVVQCATEQSFAELGLGSYTPVGLIQNLLEYIHVDLGLPWWGAIATCTVLARCLVFPLIVKGQREAAKIHNHMPEMQKFSARIREAKLSGDQAEFYKATIEMTHYQKKHDIKFFRPLILPLTQAPIFISFFIALREMANLPVPSLQTGGLWWFQDLTVSDPIYVLPLVVTATMWGVLELGAETGMQSSDLQLMRNVIRVMPLAVLPVTIHFPSAVFMYWLSSNVFSLCQVACLRFPAVRTALKIPQRVVHDPSKLPPREGFLKSFKKGWKNAEIAHRLREREERMQKHLDLAARGPLRQTFTHNPLLQHDPSRSPNTPNSSTNSVKANTKKPWQDTLG,390
P02764,rat,MALHMVLVVLSLLPLLEAQNPEPANITLGIPITNETLKWLSDKWFYMGAAFRDPVFKQAVQTIQTEYFYLTPNLINDTIELREFQTTDDQCVYNFTHLGVQRENGTLSKCAGAVKIFAHLIVLKKHGTFMLAFNLTDENRGLSFYAKKPDLSPELRKIFQQAVKDVGMDESEIVFVDWTKDKCSEQQKQQLELEKETKKETKKDP,205
O08962,rat,MPVRRGHVAPQNTFLDTIIRKFEGQSRKFIIANARVENCAVIYCNDGFCELCGYSRAEVMQRPCTCDFLHGPRTQRRAAAQIAQALLGAEERKVEIAFYRKDGSCFLCLVDVVPVKNEDGAVIMFILNFEVVMEKDMVGSPAHDTNHRGPSTSWLASGRAKTFRLKLPALLALTARESPMRTGSTGSPGAPGAVVVDVDLTPAAPSSESLALDEVSAMDNHVAGLGPAEERRALVGPASASPVASIPGPHPSPRAQSLNPDASGSSCSLARTRSRESCASVRRASSADDIEAMRAGALPLPPRHASTGAMHPLRSGLLNSTSDSDLVRYRTISKIPQITLNFVDLKGDPFLASPTSDREIIAPKIKERTHNVTEKVTQVLSLGADVLPEYKLQAPRIHRWTILHYSPFKAVWDWLILLLVIYTAVFTPYSAAFLLKETEDGSQAPDCGYACQPLAVVDLLVDIMFIVDILINFRTTYVNANEEVVSHPGRIAVHYFKGWFLIDMVAAIPFDLLIFGSGSEELIGLLKTARLLRLVRVARKLDRYSEYGAAVLFLLMCTFALIAHWLACIWYAIGNMEQPHMDSHIGWLHNLGDQIGKPYNSSGLGGPSIKDKYVTALYFTFSSLTSVGFGNVSPNTNSEKIFSICVMLIGSLMYASIFGNVSAIIQRLYSGTARYHTQMLRVREFIRFHQIPNPLRQRLEEYFQHAWSYTNGIDMNAVLKGFPECLQADICLHLNRSLLQHCKPFRGATKGCLRALAMKFKTTHAPPGDTLVHAGDLLTALYFISRGSIEILRGDVVVAILGKNDIFGEPLNLYARPGKSNGDVRALTYCDLHKIHRDDLLEVLDMYPEFSDHFWSSLEITFNLRDTNMIPGSPSSAELESGFNRQRKRKLSFRRRTDKDTEQPGEVSALGQGPARVGPGPSCRGQPGGPWGESPSSGPSSPESSEDEGPGRSSSPLRLVPFSSPRPPGDSPGGEPLTEDGEKSSDTCNPLSGAFSGVSNIFSFWGDSRGRQYQELPRCPAPAPSLLNIPLSSPGRRSRGDVESRLDALQRQLNRLETRLSADMATVLQLLQRQMTLVPPAYSAVTTPGPGPTSTSPLLPVGPVPTLTLDSLSQVSQFVAFEELPAGAPELPQDGPTRRLSLPGQLGALTSQPLHRHGSDPGS,1163
P15389,rat,MANLLLPRGTSSFRRFTRESLAAIEKRMAEKQARGGSATSQESREGLQEEEAPRPQLDLQASKKLPDLYGNPPRELIGEPLEDLDPFYSTQKTFIVLNKGKTIFRFSATNALYVLSPFHPVRRAAVKILVHSLFSMLIMCTILTNCVFMAQHDPPPWTKYVEYTFTAIYTFESLVKILARGFCLHAFTFLRDPWNWLDFSVIVMAYTTEFVDLGNVSALRTFRVLRALKTISVISGLKTIVGALIQSVKKLADVMVLTVFCLSVFALIGLQLFMGNLRHKCVRNFTELNGTNGSVEADGLVWNSLDVYLNDPANYLLKNGTTDVLLCGNSSDAGTCPEGYRCLKAGENPDHGYTSFDSFAWAFLALFRLMTQDCWERLYQQTLRSAGKIYMIFFMLVIFLGSFYLVNLILAVVAMAYEEQNQATIAETEEKEKRFQEAMEMLKKEHEALTIRGVDTVSRSSLEMSPLAPVTNHERKSKRRKRLSSGTEDGGDDRLPKSDSEDGPRALNQLSLTHGLSRTSMRPRSSRGSIFTFRRRDQGSEADFADDENSTAGESESHRTSLLVPWPLRHPSAQGQPGPGASAPGYVLNGKRNSTVDCNGVVSLLGAGDAEATSPGSYLLRPMVLDRPPDTTTPSEEPGGPQMLTPQAPCADGFEEPGARQRALSAVSVLTSALEELEESHRKCPPCWNRFAQHYLIWECCPLWMSIKQKVKFVVMDPFADLTITMCIVLNTLFMALEHYNMTAEFEEMLQVGNLVFTGIFTAEMTFKIIALDPYYYFQQGWNIFDSIIVILSLMELGLSRMGNLSVLRSFRLLRVFKLAKSWPTLNTLIKIIGNSVGALGNLTLVLAIIVFIFAVVGMQLFGKNYSELRHRISDSGLLPRWHMMDFFHAFLIIFRILCGEWIETMWDCMEVSGQSLCLLVFLLVMVIGNLVVLNLFLALLLSSFSADNLTAPDEDGEMNNLQLALARIQRGLRFVKRTTWDFCCGILRRRPKKPAALATHSQLPSCITAPRSPPPPEVEKVPPARKETRFEEDKRPGQGTPGDSEPVCVPIAVAESDTEDQEEDEENSLGTEEESSKQESQVVSGGHEPYQEPRAWSQVSETTSSEAGASTSQADWQQEQKTEPQAPGCGETPEDSYSEGSTADMTNTADLLEQIPDLGEDVKDPEDCFTEGCVRRCPCCMVDTTQSPGKVWWRLRKTCYRIVEHSWFETFIIFMILLSSGALAFEDIYLEERKTIKVLLEYADKMFTYVFVLEMLLKWVAYGFKKYFTNAWCWLDFLIVDVSLVSLVANTLGFAEMGPIKSLRTLRALRPLRALSRFEGMRVVVNALVGAIPSIMNVLLVCLIFWLIFSIMGVNLFAGKFGRCINQTEGDLPLNYTIVNNKSECESFNVTGELYWTKVKVNFDNVGAGYLALLQVATFKGWMDIMYAAVDSRGYEEQPQWEDNLYMYIYFVVFIIFGSFFTLNLFIGVIIDNFNQQKKKLGGQDIFMTEEQKKYYNAMKKLGSKKPQKPIPRPLNKYQGFIFDIVTKQAFDVTIMFLICLNMVTMMVETDDQSPEKVNILAKINLLFVAIFTGECIVKMAALRHYYFTNSWNIFDFVVVILSIVGTVLSDIIQKYFFSPTLFRVIRLARIGRILRLIRGAKGIRTLLFALMMSLPALFNIGLLLFLVMFIYSIFGMANFAYVKWEAGIDDMFNFQTFANSMLCLFQITTSAGWDGLLSPILNTGPPYCDPNLPNSNGSRGNCGSPAVGILFFTTYIIISFLIVVNMYIAIILENFSVATEESTEPLSEDDFDMFYEIWEKFDPEATQFIEYLALSDFADALSEPLRIAKPNQISLINMDLPMVSGDRIHCMDILFAFTKRVLGESGEMDALKIQMEEKFMAANPSKISYEPITTTLRRKHEEVSATVIQRAFRRHLLQRSVKHASFLFRQQAGGSGLSDEDAPEREGLIAYMMNGNFSRRSAPLSSSSISSTSFPPSYDSVTRATSDNLPVRASDYSRSEDLADFPPSPDRDRESIV,2019
P54283,rat,MVQKSGMSRGPYPPSQEIPMEVFDPSPQGKYSKRKGRFKRSDGSTSSDTTSNSFVRQGSAESYTSRPSDSDVSLEEDREALRKEAERQALAQLEKAKTKPVAFAVRTNVGYNPSPGDEVPVQGVAITFEPKDFLHIKEKYNNDWWIGRLVKEGCEVGFIPSPVKLDSLRLLQEQTLRQNRLSSSKSGDNSSSSLGDVVTGTRRPTPPASAKQKQKSTEHVPPYDVVPSMRPIILVGPSLKGYEVTDMMQKALFDFLKHRFDGRISITRVTADISLAKRSVLNNPSKHIIIERSNTRSSLAEVQSEIERIFELARTLQLVALDADTINHPAQLSKTSLAPIIVYIKITSPKVLQRLIKSRGKSQSKHLNVQIAASEKLAQCPPEMFDIILDENQLEDACEHLAEYLEAYWKATHPPSRTPPNPLLNRTMATAALAVSPAPVSNLQGPYLVSGDQPLDRATGEHASVHEYPGELGQPPGLYPSNHPPGRAGTLWALSRQDTFDADTPGSRNSVYTEPGDSCVDMETDPSEGPGPGDPAGGGTPPARQGSWEEEEDYEEEMTDNRNRGRNKARYCAEGGGPVLGRNKNELEGWGQGVYIR,597
P41350,rat,MSGGKYVDSEGHLYTVPIREQGNIYKPNNKAMADEVNEKQVYDAHTKEIDLVNRDPKHLNDDVVKIDFEDVIAEPEGTHSFDGIWKASFTTFTVTKYWFYRLLSTIFGIPMALIWGIYFAILSFLHIWAVVPCIKSFLIEIQCISRVYSIYVHTFCDPLFEAIGKIFSNIRISTQEEI,178
P30994,rat,MASSYKMSEQSTISEHILQKTCDHLILTDRSGLKAESAAEEMKQTAENQGNTVHWAALLIFAVIIPTIGGNILVILAVSLEKRLQYATNYFLMSLAVADLLVGLFVMPIALLTIMFEATWPLPLALCPAWLFLDVLFSTASIMHLCAISLDRYIAIKKPIQANQCNSRTTAFVKITVVWLISIGIAIPVPIKGIEADVVNAHNITCELTKDRFGSFMLFGSLAAFFAPLTIMIVTYFLTIHALRKKAYLVRNRPPQRLTRWTVSTVLQREDSSFSSPEKMVMLDGSHKDKILPNSTDETLMRRMSSAGKKPAQTISNEQRASKVLGIVFLFFLLMWCPFFITNVTLALCDSCNQTTLKTLLQIFVWVGYVSSGVNPLIYTLFNKTFREAFGRYITCNYQATKSVKVLRKCSSTLYFGNSMVENSKFFTKHGIRNGINPAMYQSPVRLRSSTIQSSSIILLNTFLTENDGDKVEDQVSYI,479
P31652,rat,METTPLNSQKVLSECKDREDCQENGVLQKGVPTTADRAEPSQISNGYSAVPSTSAGDEASHSIPAATTTLVAEIRQGERETWGKKMDFLLSVIGYAVDLGNIWRFPYICYQNGGGAFLLPYTIMAIFGGIPLFYMELALGQYHRNGCISIWRKICPIFKGIGYAICIIAFYIASYYNTIIAWALYYLISSLTDRLPWTSCTNSWNTGNCTNYFAQDNITWTLHSTSPAEEFYLRHVLQIHQSKGLQDLGTISWQLTLCIVLIFTVIYFSIWKGVKTSGKVVWVTATFPYIVLSVLLVRGATLPGAWRGVVFYLKPNWQKLLETGVWVDAAAQIFFSLGPGFGVLLAFASYNKFNNNCYQDALVTSVVNCMTSFVSGFVIFTVLGYMAEMRNEDVSEVAKDAGPSLLFITYAEAIANMPASTFFAIIFFLMLITLGLDSTFAGLEGVITAVLDEFPHIWAKRREWFVLIVVITCVLGSLLTLTSGGAYVVTLLEEYATGPAVLTVALIEAVAVSWFYGITQFCSDVKEMLGFSPGWFWRICWVAISPLFLLFIICSFLMSPPQLRLFQYNYPHWSIVLGYCIGMSSVICIPTYIIYRLISTPGTLKERIIKSITPETPTEIPCGDIRMNAV,630
A0A8I5ZXE0,rat,MDDKGDLSNEEAPKAIKPTSKEFRKTWGFRRTTIAKREGAGDTEVDPSEQQPQQHNLSLRRSGRQPKRTERVEEFLTTVRRRGRKNVPVSLEDSSEPTSSTVTDVETASEGSVESSSEIRSGPAPGTLGKEHPSSSEKVKGGDEEEDTSDSDSDGLTLKELQNRLRRKREQEPVERSLRGIQNRLRKQRREEDPAEAGSVQIGSIEEDTPRCKQEPEASQGPVSQSEKDDRENQLEGKATQGSKEESPREAGKPKPECEVYDPNALYCICRQPHNNRFMICCDRCEEWFHGDCVGISEARGRLLERNGEDYICPNCTILQVQDETSSSAADEQDAGCRPVGADGTDCTSIGTVEQRSGEDQGIKGRIEKAANPSGKKKLKIFQPVVEAPGAAKCIGPGCSNVAQPDSVYCSNDCILKHAAATMKILSSGKEQKPKPKEKVKMKPEKFSLPKCSVQAGIKISSVHKRLASEKRENPVKKVTLASRSETSVKEATCESTPSWASDHNYNAVKPEKPEKPEKPTALSPTLLSKSMKDDKRVEDRTVAAAAVPKKAVPPGSVMGRQTSPRNLVPKKLPPYPNMAGAKTAVKKLPSGFKGTIPKRPWPSATLSGTSARQAGPTPVIAASKKLPGSAAVVGIARKPMSANVPAASPVPGRLGPVSPAPSQPNSQIRQNIRRSLKEILWKRVNDSDDLIMTENEVGKIALHIEKEMFNLFQVTDNRYKSKYRSIMFNLKDPKNQGLFHRVLREEISLAKLVRMKPEELVSKELSMWTEKPTKSVIESRTKLLNESKKNSTKPETIPDMEDSPPVSDSEEQESVRAAPEKSTAPLLDVFSSMLKDTTSQHRAHLFDLNCKICTGQVPSSEDEPAPKKQKLSASSKKEDLKARHDSSPPDAVPSTADEGIAETPENTCDPDLETVSSLNQERKGFPESAGDSHPEPSSLDGLSSSFASGGSGVVTTVTVSGRDPRTALSGSCTVTASMAAHMDNSQTSETKLEILKPALTSAVVPKSILAKPSSSPDPRYLSVPPSPNTSISESRSPPEGDTTLFLSRLSTIWKGFINMQSVAKFVTKAYPVSGCLDYLSEDLPDTIHIGGRIAPKTVWDYVGKLKSSVSKELCLIRFHPATEEEEVAYISLYSYFSSRGRFGVVANNNRHVKDLYLIPLSAKDPVPSKLLPFEGPGLESPRPNIILGLVICQKVKRPSSAGELDKTDEKRPRLQQEETETSVYPKVTAALPSEKKPPKYSVHSADTTASSTTPPGSPPPPPPLPEPPVLKILSSLKPGSTSTVTAPTTSAVITTTASPVTAATSKTASPLEHILQTLFGKKKSFEPSGKESVGSTLAPHHDSKAKGEDTMSAAPLLDPIVQQFGQFSKDKALEEEEEDDRPYDPEEEYNPDRAFHTLLAEPGRPHDVPSVPETAEREEVAYDPEDETILEEAKVTIDDLPNRMCVKVSSTERPADFSTDASSASLVEQQKMLEELNKQIEEQKRQLEEQEEALRQQRAAVGVSMAHFSVSDALMSPPPKSSLGKTELFSQEQQALDPSQGSLSTNHSLDSRQSRDPRQARRLAAENTENESLPRAPTGSTSGPQGTLPARETPAGAAVAQGPGLAAEAKESMASPWAPGENTVLRPEHDIQKCEHSSNPVSLPLDTSHLPTAGDGTARPAPPRRVLLPTPPSTTFPPSFPLQPEAQNFSSGGREPFSGPTFLSQETSLGSSQYEDPRGAQSAGRSDSPVADMEDSREPQPRPGEGATSFPSPAQRGGGPQPQFPGQREPAPRTFGMSGHHGPSFPGPRGPVPPFSEENIVPNSDGSRGPPPPRFGAQKPPIPSLFSGQHGPPPYGDNRGLSPSYLGGPRGGAPAQFEDRKDPHGEKREFQDTPYEMTGAPAQCEGPDQAQFMGNRAPFQFGGQRRPLLTQIKGPRGGPPPSQFGGQRGPPPGHFVGPRGPHPSQFETSRGTHPGQFEGARGQAPGFMPGPRGVQPQQFEEQRVNSPPRFAGQRASAPLPYGGPRGPAPFPEKNEQPPSRFHFQGPSSQPVKPPPRPLLELPSHPPQHRKDRWDEAGTATALPPSSGPGQGHEADGQWATSEFREGKGHEYRSPAFEGRQRERFEAGPKEKPLDEPEAQGLESRQGRAFEDRRRERERGRNWSREKDWERSRDWDRHREWDKGRDRSSNRDRERDTDRGKEWDRSRERSRNRDRDRERRRDRDRSRSRDRDRDRERARDRDRDRGRDRKDRSKSRESPRDLKPEARTSEGGPAAAQA,2258
P23977,rat,MSKSKCSVGPMSSVVAPAKESNAVGPREVELILVKEQNGVQLTNSTLINPPQTPVEAQERETWSKKIDFLLSVIGFAVDLANVWRFPYLCYKNGGGAFLVPYLLFMVIAGMPLFYMELALGQFNREGAAGVWKICPVLKGVGFTVILISFYVGFFYNVIIAWALHYFFSSFTMDLPWIHCNNTWNSPNCSDAHASNSSDGLGLNDTFGTTPAAEYFERGVLHLHQSRGIDDLGPPRWQLTACLVLVIVLLYFSLWKGVKTSGKVVWITATMPYVVLTALLLRGVTLPGAMDGIRAYLSVDFYRLCEASVWIDAATQVCFSLGVGFGVLIAFSSYNKFTNNCYRDAIITTSINSLTSFSSGFVVFSFLGYMAQKHNVPIRDVATDGPGLIFIIYPEAIATLPLSSAWAAVFFLMLLTLGIDSAMGGMESVITGLVDEFQLLHRHRELFTLGIVLATFLLSLFCVTNGGIYVFTLLDHFAAGTSILFGVLIEAIGVAWFYGVQQFSDDIKQMTGQRPNLYWRLCWKLVSPCFLLYVVVVSIVTFRPPHYGAYIFPDWANALGWIIATSSMAMVPIYATYKFCSLPGSFREKLAYAITPEKDHQLVDRGEVRQFTLRHWLLL,619
F1LNR9,rat,MVTRSRETWGKKIDFLLSVVGFAVDLANVWRFPYLCYKNGGGAFLIPYTLFLIIAGMPLFYMELALGQFNREGAATVWKICPFFKGVGYAVILIALYVGFYYNVIIAWSLYYLFASFTLNLPWTNCGHAWNSPNCTDPKLLNASVLGDHTKYSKYKFTPAAEFYERGVLHLHESSGIHDIGLPQWQLLLCLMVVIVVLYFSLWKGVKTSGKVVWITATLPYFVLFVLLVHGVTLPGASNGINAYLHIDFYRLKEATVWIDAATQIFFSLGAGFGVLIAFASYNKFDNNCYRDALLTSTINCVTSFISGFAIFSILGYMAHEHKVKIEDVATEGAGLVFVLYPEAISTLSGSTFWAVLFFLMLLALGLDSSMGGMEAVITGLADDFQVLKRHRKLFTCAVTLGTFLLAMFCITKGGIYVLTLLDTFAAGTSILFAVLMEAIGVSWFYGVDRFSNDIQQMMGFKPGLYWRLCWKFVSPAFLLFVVVVSIINFKPLTYDDYVYPPWANWVGWGIALSSMILVPAYVIYKFFSIRGSLWERVAYGITPENEHHLLALEIELSSLQSFVITSCPIDPLLSSFLFISCQKTLVFKKSGPAPLI,597
Q9QXT3,rat,MASFHIRQFQERDYEQVVDMFSRGMKEHIPTAFRHLLLLPRTLLLLLGVPLALVLVSGSWLLAVVCIFFLLPFLWFLAGQPWKNYVSKCLHTDMADITKSYLSDRGSGFWVAESGGQIVGTVGALPVKDPPSGRKQLQLFRLSVSSQHRGQGIAKALVRTVLQFARDQGYTDVVLVTGLLQQGAVTLYYSMGFQKTGESFMDILTWLVDVSLIHFIYPLPSS,222
P23944,rat,MTFRDILSVTFEGPRSSSSTGGSGAGGGAGTVGPEGGAVGGVPGATGGGAVVGTGSGEDNQSSTGEPGAAASGEVNGSAAVGGLVVSAQGVGVGVFLAAFILTAVAGNLLVILSVACNRHLQTVTNYFIVNLAVADLLLSAAVLPFSATMEVLGFWAFGRTFCDVWAAVDVLCCTASILSLCTISVDRYVGVRHSLKYPAIMTERKAAAILALLWAVALVVSVGPLLGWKEPVPPDERFCGITEEVGYAIFSSVCSFYLPMAVIVVMYCRVYVVARSTTRSLEAGIKREPGKASEVVLRIHCRGAATSAKGYPGTQSSKGHTLRSSLSVRLLKFSREKKAAKTLAIVVGVFVLCWFPFFFVLPLGSLFPQLKPSEGVFKVIFWLGYFNSCVNPLIYPCSSREFKRAFLRLLRCQCRRRRRRLWAVYGHHWRASTGDARSDCAPSPRIAPPGAPLALTAHPGAGSADTPETQDSVSSSRKPASALREWRLLGPLQRPTTQLRAKVSSLSHKIRSGARRAETACALRSEVEAVSLNVPQDGAEAVICQAYEPGDYSNLRETDI,561
P22909,rat,MFRQEQPLAEGSFAPMGSLQPDAGNSSWNGTEAPGGGTRATPYSLQVTLTLVCLAGLLMLFTVFGNVLVIIAVFTSRALKAPQNLFLVSLASADILVATLVIPFSLANEVMGYWYFGKVWCEIYLALDVLFCTSSIVHLCAISLDRYWSITQAIEYNLKRTPRRIKAIIVTVWVISAVISFPPLISIEKKGAGGGQQPAEPSCKINDQKWYVISSSIGSFFAPCLIMILVYVRIYQIAKRRTRVPPSRRGPDACSAPPGGADRRPNGLGPERGAGTAGAEAEPLPTQLNGAPGEPAPTRPRDGDALDLEESSSSEHAERPQGPGKPERGPRAKGKTKASQVKPGDSLPRRGPGAAGPGASGSGQGEERAGGAKASRWRGRQNREKRFTFVLAVVIGVFVVCWFPFFFTYTLIAVGCPVPYQLFNFFFWFGYCNSSLNPVIYTIFNHDFRRAFKKILCRGDRKRIV,465
P18090,rat,MGAGALALGASEPCNLSSAAPLPDGAATAARLLVLASPPASLLPPASEGSAPLSQQWTAGMGLLLALIVLLIVVGNVLVIVAIAKTPRLQTLTNLFIMSLASADLVMGLLVVPFGATIVVWGRWEYGSFFCELWTSVDVLCVTASIETLCVIALDRYLAITLPFRYQSLLTRARARALVCTVWAISALVSFLPILMHWWRAESDEARRCYNDPKCCDFVTNRAYAIASSVVSFYVPLCIMAFVYLRVFREAQKQVKKIDSCERRFLTGPPRPPSPAPSPSPGPPRPADSLANGRSSKRRPSRLVALREQKALKTLGIIMGVFTLCWLPFFLANVVKAFHRDLVPDRLFVFFNWLGYANSAFNPIIYCRSPDFRKAFQRLLCCARRAACRRRAAHGDRPRASGCLARAGPPPSPGAPSDDDDDDAGATPPARLLEPWAGCNGGTTTVDSDSSLDEPGRQGFSSESKV,466
P10608,rat,MEPHGNDSDFLLAPNGSRAPGHDITQERDEAWVVGMAILMSVIVLAIVFGNVLVITAIAKFERLQTVTNYFITSLACADLVMGLAVVPFGASHILMKMWNFGNFWCEFWTSIDVLCVTASIETLCVIAVDRYVAITSPFKYQSLLTKNKARVVILMVWIVSGLTSFLPIQMHWYRATHKQAIDCYAKETCCDFFTNQAYAIASSIVSFYVPLVVMVFVYSRVFQVAKRQLQKIDKSEGRFHAQNLSQVEQDGRSGHGLRSSSKFCLKEHKALKTLGIIMGTFTLCWLPFFIVNIVHVIRANLIPKEVYILLNWLGYVNSAFNPLIYCRSPDFRIAFQELLCLRRSSSKTYGNGYSSNSNGRTDYTGEQSAYQLGQEKENELLCEEAPGMEGFVNCQGTVPSLSIDSQGRNCNTNDSPL,418
Q5M7A7,rat,MGDLPGIVRLSIALRIQPNDGPVFFKVDGQRFGQNRTIKLLTGSSYKVEVKIKPTTLQVENISIGGVLVPLELKCKEPDGERVVYTGIYDTEGVAPTKSGERQPIQITMPFTDIGTFETVWQVKFYNYHKRDHCQWGSPFSVIEYECKPNETRSLMWVNKESFL,164
Q9QZN9,rat,MAGCRELELTNGSNGGLEFNPMKEYMILSDAQQIAVAVLCTLMGLLSALENVAVLYLILSSQRLRRKPSYLFIGSLAGADFLASVIFACNFVIFHVFHGVDSRNIFLLKIGSVTMTFTASVGSLLLTAVDRYLCLCYPPTYKALVTRGRALVALGVMWVLSALISYLPLMGWTCCPSPCSELFPLIPNDYLLGWLLFIAILFSGIIYTYGYVLWKAHQHVASLAEHQDRQVPGIARMRLDVRLAKTLGLVMAVLLICWFPALALMGHSLVTTLSDKVKEAFAFCSMLCLVNSMINPIIYALRSGEIRSAAQHCLTGWKKYLQGLGSEGKEEAPKSSVTETEAEVKTTTGPGSRTPGCSNC,360
P08482,rat,MNTSVPPAVSPNITVLAPGKGPWQVAFIGITTGLLSLATVTGNLLVLISFKVNTELKTVNNYFLLSLACADLIIGTFSMNLYTTYLLMGHWALGTLACDLWLALDYVASNASVMNLLLISFDRYFSVTRPLSYRAKRTPRRAALMIGLAWLVSFVLWAPAILFWQYLVGERTVLAGQCYIQFLSQPIITFGTAMAAFYLPVTVMCTLYWRIYRETENRARELAALQGSETPGKGGGSSSSSERSQPGAEGSPESPPGRCCRCCRAPRLLQAYSWKEEEEEDEGSMESLTSSEGEEPGSEVVIKMPMVDSEAQAPTKQPPKSSPNTVKRPTKKGRDRGGKGQKPRGKEQLAKRKTFSLVKEKKAARTLSAILLAFILTWTPYNIMVLVSTFCKDCVPETLWELGYWLCYVNSTVNPMCYALCNKAFRDTFRLLLLCRWDKRRWRKIPKRPGSVHRTPSRQC,460
P10980,rat,MNNSTNSSNNGLAITSPYKTFEVVFIVLVAGSLSLVTIIGNILVMVSIKVNRHLQTVNNYFLFSLACADLIIGVFSMNLYTLYTVIGYWPLGPVVCDLWLALDYVVSNASVMNLLIISFDRYFCVTKPLTYPVKRTTKMAGMMIAAAWVLSFILWAPAILFWQFIVGVRTVEDGECYIQFFSNAAVTFGTAIAAFYLPVIIMTVLYWHISRASKSRIKKEKKEPVANQDPVSPSLVQGRIVKPNNNNMPGGDGGLEHNKIQNGKAPRDGVTENCVQGEEKESSNDSTSVSAVASNMRDDEITQDENTVSTSLGHSRDDNSKQTCIKIVTKAQKGDVCTPTSTTVELVGSSGQNGDEKQNIVARKIVKMTKQPAKKKPPPSREKKVTRTILAILLAFIITWAPYNVMVLINTFCAPCIPNTVWTIGYWLCYINSTINPACYALCNATFKKTFKHLLMCHYKNIGATR,466
P08483,rat,MTLHSNSTTSPLFPNISSSWVHSPSEAGLPLGTVTQLGSYNISQETGNFSSNDTSSDPLGGHTIWQVVFIAFLTGFLALVTIIGNILVIVAFKVNKQLKTVNNYFLLSLACADLIIGVISMNLFTTYIIMNRWALGNLACDLWLSIDYVASNASVMNLLVISFDRYFSITRPLTYRAKRTTKRAGVMIGLAWVISFVLWAPAILFWQYFVGKRTVPPGECFIQFLSEPTITFGTAIAAFYMPVTIMTILYWRIYKETEKRTKELAGLQASGTEAEAENFVHPTGSSRSCSSYELQQQGVKRSSRRKYGRCHFWFTTKSWKPSAEQMDQDHSSSDSWNNNDAAASLENSASSDEEDIGSETRAIYSIVLKLPGHSSILNSTKLPSSDNLQVSNEDLGTVDVERNAHKLQAQKSMGDGDNCQKDFTKLPIQLESAVDTGKTSDTNSSADKTTATLPLSFKEATLAKRFALKTRSQITKRKRMSLIKEKKAAQTLSAILLAFIITWTPYNIMVLVNTFCDSCIPKTYWNLGYWLCYINSTVNPVCYALCNKTFRTTFKTLLLCQCDKRKRRKQQYQQRQSVIFHKRVPEQAL,589
Q9JLB5,rat,MGTRSHYLDLGFLLLLFLPAECLGAEGRLAHKLFRDLFANYTSALRPVADTDQTLNVTLEVTLSQIIDMDERNQVLTLYLWIRQEWTDAYLHWDPKAYGDLDAIRIPSRLVWRPDIVLYNKADTQPPASASTNVVVRHDGAVRWDAPAITRSSCRVDVSAFPFDAQRCGLTFGSWTHGGHQLDVRPRGTSASLADFVENVEWRVLGMPARRRVLTYGCCSEPYPDVTFTLLLRRRAAAYVCNLLLPCVFISLLAPLAFHLPADSGEKVSLGVTVLLALTVFQLILAESMPPAESVPLIGKYYMATMTMVTFSTALTILIMNLHYCGPNAHPVPAWARVLLLGHLAKGLCVRERGEPCGQSKPLESAPSLQPPPASPAGPCHEPRCLCHQEALLHHIASIASTFRSHRAAQRRHEDWKRLARVMDRFFLGIFFCMALVMSLIVLVQAL,447
P43144,rat,MNRPHSCLSFCWMYFAASGIRAVETANGKYAQKLFSDLFEDYSSALRPVEDTDAVLNVTLQVTLSQIKDMDERNQILTAYLWIRQTWHDAYLTWDRDQYDRLDSIRIPSDLVWRPDIVLYNKADDESSEPVNTNVVLRYDGLITWDSPAITKSSCVVDVTYFPFDSQQCNLTFGSWTYNGNQVDIFNALDSGDLSDFIEDVEWEVHGMPAVKNVISYGCCSEPYPDVTFTLLLKRRSSFYIVNLLIPCVLISFLAPLSFYLPAASGEKVSLGVTILLAMTVFQLMVAEIMPASENVPLIGKYYIATMALITASTALTIMVMNIHFCGAEARPVPHWAKVVILKYMSRILFVYDVGESCLSPRHSQEPEQVTKVYSKLPESNLKTSRNKDLSRKKEVRKLLKNDLGYQGGIPQNTDSYCARYEALTKNIEYIAKCLKDHKATNSKGSEWKKVAKVIDRFFMWIFFAMVFVMTVLIIARAD,479
Q05941,rat,MCGGRGGIWLALAAALLHVSLQGEFQRRLYKELVKNYNPLERPVANDSQPLTVYFSLSLLQIMDVDEKNQVLTTNIWLQMSWTDHYLQWNMSEYPGVKNVRFPDGQIWKPDILLYNSADERFDATFHTNVLVNASGHCQYLPPGIFKSSCYIDVRWFPFDVQQCKLKFGSWSYGGWSLDLQMQEADISSYIPNGEWDLMGIPGKRNEKFYECCKEPYPDVTYTVTMRRRTLYYGLNLLIPCVLISALALLVFLLPADSGEKISLGITVLLSLTVFMLLVAEIMPATSDSVPLIAQYFASTMIIVGLSVVVTVIVLRYHHHDPDGGKMPKWTRIILLNWCAWFLRMKRPGEDKVRPACQHKPRRCSLASVELSAGAGPPTSNGNLLYIGFRGLEGMHCAPTPDSGVVCGRLACSPTHDEHLMHGAHPSDGDPDLAKILEEVRYIANRFRCQDESEVICSEWKFAACVVDRLCLMAFSVFTIICTIGILMSAPNFVEAVSKDFA,502
P04757,rat,MGVVLLPPPLSMLMLVLMLLPAASASEAEHRLFQYLFEDYNEIIRPVANVSHPVIIQFEVSMSQLVKVDEVNQIMETNLWLKQIWNDYKLKWKPSDYQGVEFMRVPAEKIWKPDIVLYNNADGDFQVDDKTKALLKYTGEVTWIPPAIFKSSCKIDVTYFPFDYQNCTMKFGSWSYDKAKIDLVLIGSSMNLKDYWESGEWAIIKAPGYKHEIKYNCCEEIYQDITYSLYIRRLPLFYTINLIIPCLLISFLTVLVFYLPSDCGEKVTLCISVLLSLTVFLLVITETIPSTSLVIPLIGEYLLFTMIFVTLSIVITVFVLNVHYRTPTTHTMPTWVKAVFLNLLPRVMFMTRPTSGEGDTPKTRTFYGAELSNLNCFSRADSKSCKEGYPCQDGTCGYCHHRRVKISNFSANLTRSSSSESVNAVLSLSALSPEIKEAIQSVKYIAENMKAQNVAKEIQDDWKYVAMVIDRIFLWVFILVCILGTAGLFLQPLMARDDT,499
P20420,rat,MVQLLAGRWRPTGARRGTRGGLPELSSAAKHEDSLFRDLFEDYERWVRPVEHLSDKIKIKFGLAISQLVDVDEKNQLMTTNVWLKQEWIDVKLRWNPDDYGGIKIIRVPSDSLWIPDIVLFDNADGRFEGASTKTVVRYNGTVTWTQPANYKSSCTIDVTFFPFDLQNCSMKFGSWTYDGSQVDIILEDQDVDRTDFFDNGEWEIMSAMGSKGNRTDSCCWYPYITYSFVIKRLPLFYTLFLIIPCIGLSFLTVVVFYLPSNEGEKISLCTSVLVSLTVFLLVIEEIIPSSSKVIPLIGEYLVFTMIFVTLSIMVTVFAINIHHRSSSTHNAMAPWVRKIFLHKLPKLLCMRSHADRYFTQREEAESGAGPKSRNTLEAALDCIRYITRHVVKENDVREVVEDWKFIAQVLDRMFLWTFLLVSIIGTLGLFVPVIYKWANIIVPVHIGNTIK,452
Q641Z7,rat,MALPGNFLCCLLVAWLCDPGLGVPLAPAYGAPAVGQFWHVTDLHLDPTYHITDDHTKVCASSKGANVSNPGPFGDVLCDSPYQLILSAFDFIKNSGQEASFMIWTGDSPPHVPVRELSTGSVIEVITNMTVTVQNLFPNLQVFPALGNHDYWPQDQLPIATSKVYSAVSDLWKPWLDEEAISTLRKGGFYSQKVASNPDLRIISLNTNLYYGPNIMTLNKTDPANQFEWLENTLNSSLRNKEKVYVIAHVPVGYLPYATKTPAMRQYYNEKLVDIFRRYSSVIAGQFYGHTHRDSLMVLSDKNGNPINSVFVAPAVTPVKGVLEKETNNPGVRLFQYKPGDYTLLDMLQYYLNLTEANLKGESNWTLEYTLTQAYGVADLQPKSLHGLAQQLATIDSKQFLKYYHYFFVSYDSSAPCDQRCKTLQICAIMNLDLVSYEDCLKRHL,445
A0A8I6GML2,rat,MSSECSKERKVSKVVIVEQTYAPAECVSQAIDINEPIGNLKKLLEPRLQCSLDAHEICLQDIQLDPDRSLFDQGVKTDGTVQLSVQVISYQGIEPKLNILEIVKTAETVEVVIDPDAHHAEAEAHLVEEAQVITLDGTKHITTISDETSEQVTRWAAALEGYRKEQERLGIPYDPIQWSTDQVLHWVVWVMKEFSMTDIDLTTLNISGRELCSLNQEDFFQRVPRGEILWSHLELLRKYVLASQEQQMNEIVTIDQPVQIIPASVPSATPTTIKVINSSAKAAKVQRSPRISGEDRSSPGNRTGNNGQIQLWQFLLELLTDKDARDCISWVGDEGEFKLNQPELVAQKWGQRKNKPTMNYEKLSRALRYYYDGDMICKVQGKRFVYKFVCDLKTLIGYSAAELNRLVTECEQKKLAKMQLHGIAQPVTAVALAAASLQTEKDN,443
P31390,rat,MSFANTSSTFEDKMCEGNRTAMASPQLLPLVVVLSSISLVTVGLNLLVLYAVHSERKLHTVGNLYIVSLSVADLIVGAVVMPMNILYLIMTKWSLGRPLCLFWLSMDYVASTASIFSVFILCIDRYRSVQQPLRYLRYRTKTRASATILGAWFFSFLWVIPILGWHHFMPPAPELREDKCETDFYNVTWFKIMTAIINFYLPTLLMLWFYVKIYKAVRRHCQHRQLTNGSLPSFSELKLRSDDTKEGAKKPGRESPWGVLKRPSRDPSVGLDQKSTSEDPKMTSPTVFSQEGERETRPCFRLDIMQKQSVAEGDVRGSKANDQALSQPKMDEQSLNTCRRISETSEDQTLVDQQSFSRTTDSDTSIEPGPGRVKSRSGSNSGLDYIKITWKRLRSHSRQYVSGLHLNRERKAAKQLGFIMAAFILCWIPYFIFFMVIAFCKSCCSEPMHMFTIWLGYINSTLNPLIYPLCNENFKKTFKKILHIRS,486
Q9JHI3,rat,MPDRSTKATMGAEDIHERKVSMEPRDSHQDAQPRGMFQNIKFFVLCHSILQLAQLMISGYLKSSISTVEKRFGLSSQTSGLLAAFNEVGNISLILFVSYFGSRVHRPRMIGCGAILVAVAGLLMALPHFISEPYRYDHSSPDRSQDFEASLCLPTTMAPASALSNDSCSSRTETKHLTMVGIMFTAQTLLGIGGVPIQPFGISYIDDFAHHSNSPLYLGILFAITMMGPGLAYGLGSLMLRLYVDIDRMPEGGINLTTKDPRWVGAWWLGFLISAGLVVLAASPYFFFPREMPKEKYELHFRQKVLAGGASIGSKGEELSSQHEPLKKQAGLPQIAPDLTVVQFIKVFPRVLLRTLRHPIFLLVVLSQVCTSSMVAGTATFLPKFLERQFSITASFANLLLGCLTIPLAIVGIVVGGVLVKRLHLSPMQCSALCLLGSLLCLLLSLPLFFIGCSTHHIAGITQDLGAQPGPSLFPGCSEPCSCQSDDFNPVCDTSAYVEYTTPCHAGCTGRVVQEALDKSQVFYTNCSCVAGNGTISAGSCESACSRLVLPFILLISLGAAVASITHTPSFMLILRGVKKEDKTLAVGMQFMLLRVLAWMPSPVIHGSAIDTTCVHWALTCGRRAVCRYYDHDLLRNRFIGLQFFFKSGSLVCFALVLAILRQQSREASTKATVKSSDLQEL,682
